CellType,annotLevel,p,fold_change,sd_from_mean,GeneSet,Study,Species
ASC,1,0,5.40032656952373,21.64167078875347,TPM:Adult-Astro,DRONC_human,human
END,1,0.686,0.861366086230796,-0.5577932853413754,TPM:Adult-Astro,DRONC_human,human
exCA,1,0.9997,0.5618108334318076,-3.226798345110699,TPM:Adult-Astro,DRONC_human,human
exDG,1,0.9995,0.5724622287438902,-2.890633619569611,TPM:Adult-Astro,DRONC_human,human
exPFC,1,1,0.5035452406341283,-3.800909185382909,TPM:Adult-Astro,DRONC_human,human
GABA,1,1,0.48784972687349915,-3.3960206992226722,TPM:Adult-Astro,DRONC_human,human
MG,1,0.9921,0.48723190977271646,-1.6935301624633856,TPM:Adult-Astro,DRONC_human,human
NSC,1,0,2.4577128380472804,6.726678076888577,TPM:Adult-Astro,DRONC_human,human
ODC,1,0.9436,0.6672969762669854,-1.3619413542706547,TPM:Adult-Astro,DRONC_human,human
OPC,1,0.9796,0.6445951103293948,-1.6619345130332803,TPM:Adult-Astro,DRONC_human,human
Astrocyte,1,0,5.0857518991793516,20.78494924911447,TPM:Adult-Astro,AIBS2019,human
Endothelial cell,1,0.2824,1.1738343205718968,0.5363806413766973,TPM:Adult-Astro,AIBS2019,human
GABAergic,1,1,0.30957529198254513,-4.259729676592937,TPM:Adult-Astro,AIBS2019,human
Glutamatergic,1,1,0.3625139866733452,-3.964164577830792,TPM:Adult-Astro,AIBS2019,human
Microglia,1,1,0.1471627695251594,-3.3268667660374254,TPM:Adult-Astro,AIBS2019,human
OPC,1,1,0.43053974945684137,-3.395348787184633,TPM:Adult-Astro,AIBS2019,human
Oligodendrocyte,1,0.9999,0.4236882215208493,-2.7947540936140722,TPM:Adult-Astro,AIBS2019,human
ASC,1,0.0613,1.2214889263540987,1.6295057076095758,TPM:Adult-Endo,DRONC_human,human
END,1,0,2.7754109698920804,10.607321291838053,TPM:Adult-Endo,DRONC_human,human
exCA,1,1,0.439635897178584,-5.70295316958648,TPM:Adult-Endo,DRONC_human,human
exDG,1,1,0.49550542493038197,-4.788845491399087,TPM:Adult-Endo,DRONC_human,human
exPFC,1,1,0.3141161296109761,-7.225982463458602,TPM:Adult-Endo,DRONC_human,human
GABA,1,1,0.3480110407675749,-5.824025182072581,TPM:Adult-Endo,DRONC_human,human
MG,1,0.3711,1.051666985939099,0.22508595875751874,TPM:Adult-Endo,DRONC_human,human
NSC,1,0.7368,0.8991117845588188,-0.6544673750973453,TPM:Adult-Endo,DRONC_human,human
ODC,1,0,4.884745670736718,21.029467845012967,TPM:Adult-Endo,DRONC_human,human
OPC,1,0,2.319329569682128,8.007763560202445,TPM:Adult-Endo,DRONC_human,human
Astrocyte,1,0.9931,0.6957229972194409,-2.205303767521242,TPM:Adult-Endo,AIBS2019,human
Endothelial cell,1,0,2.975069378721506,8.589569338584706,TPM:Adult-Endo,AIBS2019,human
GABAergic,1,1,0.2128046968240098,-6.809522690727764,TPM:Adult-Endo,AIBS2019,human
Glutamatergic,1,1,0.15982588110578883,-7.257479995310434,TPM:Adult-Endo,AIBS2019,human
Microglia,1,0.9967,0.57721853894153,-2.3541835915182623,TPM:Adult-Endo,AIBS2019,human
OPC,1,0.001,1.4459086124679212,3.5469973598823494,TPM:Adult-Endo,AIBS2019,human
Oligodendrocyte,1,0,2.8113624319000916,12.684858827144025,TPM:Adult-Endo,AIBS2019,human
ASC,1,0.8621,0.7172361613578334,-0.9930764484401255,TPM:Adult-Ex1,DRONC_human,human
END,1,0.8771,0.6137135039600771,-1.1119398366793043,TPM:Adult-Ex1,DRONC_human,human
exCA,1,0.0095,1.5324575701435634,2.687486711955842,TPM:Adult-Ex1,DRONC_human,human
exDG,1,0,2.3516752371678367,5.974801031686074,TPM:Adult-Ex1,DRONC_human,human
exPFC,1,0.0958,1.2506225729737963,1.3282854466642435,TPM:Adult-Ex1,DRONC_human,human
GABA,1,5e-4,1.9171695252162055,4.257495309891466,TPM:Adult-Ex1,DRONC_human,human
MG,1,0.999,0.23430110739527307,-1.569312931092092,TPM:Adult-Ex1,DRONC_human,human
NSC,1,0.733,0.7852338569014379,-0.6806505238903647,TPM:Adult-Ex1,DRONC_human,human
ODC,1,0.9454,0.553796077660431,-1.1884425233116613,TPM:Adult-Ex1,DRONC_human,human
OPC,1,0.3514,1.06188592386401,0.20294777305047326,TPM:Adult-Ex1,DRONC_human,human
Astrocyte,1,0.738,0.8013609773979236,-0.6960878533164699,TPM:Adult-Ex1,AIBS2019,human
Endothelial cell,1,0.523,0.9158406829962578,-0.16996726812879565,TPM:Adult-Ex1,AIBS2019,human
GABAergic,1,2e-4,2.0965703864163543,4.737555887573694,TPM:Adult-Ex1,AIBS2019,human
Glutamatergic,1,0.0046,1.723906678299804,3.0223510010465007,TPM:Adult-Ex1,AIBS2019,human
Microglia,1,0.9996,0.15446114579304435,-2.286901323734618,TPM:Adult-Ex1,AIBS2019,human
OPC,1,0.657,0.8865061693648042,-0.4565239754429677,TPM:Adult-Ex1,AIBS2019,human
Oligodendrocyte,1,0.8645,0.6933156882384077,-1.0698723239356123,TPM:Adult-Ex1,AIBS2019,human
ASC,1,0.632,0.8485906578891811,-0.44850231283708736,TPM:Adult-Ex2,DRONC_human,human
END,1,0.6898,0.7400223663466794,-0.5983454898603554,TPM:Adult-Ex2,DRONC_human,human
exCA,1,0.0371,1.4838819069520868,1.9781784670846045,TPM:Adult-Ex2,DRONC_human,human
exDG,1,0.9964,0.41472212661502555,-2.2468311909281873,TPM:Adult-Ex2,DRONC_human,human
exPFC,1,0.0104,1.669409728797276,2.8006682829035325,TPM:Adult-Ex2,DRONC_human,human
GABA,1,0.1543,1.2506515437588057,0.9667619305733997,TPM:Adult-Ex2,DRONC_human,human
MG,1,0.6392,0.7293774916452369,-0.4679733666917302,TPM:Adult-Ex2,DRONC_human,human
NSC,1,0.1805,1.3425113011536924,0.884560533219841,TPM:Adult-Ex2,DRONC_human,human
ODC,1,0.2036,1.2737462296108595,0.6204040409960597,TPM:Adult-Ex2,DRONC_human,human
OPC,1,0.1177,1.4126073418450669,1.1614608565337015,TPM:Adult-Ex2,DRONC_human,human
Astrocyte,1,0.7504,0.7440843222978522,-0.7353372879201421,TPM:Adult-Ex2,AIBS2019,human
Endothelial cell,1,0.0931,1.8410094199812648,1.4301493509292127,TPM:Adult-Ex2,AIBS2019,human
GABAergic,1,0.0256,1.6260030767588747,2.2585348066864337,TPM:Adult-Ex2,AIBS2019,human
Glutamatergic,1,0.2102,1.2072781670723018,0.7580896624084029,TPM:Adult-Ex2,AIBS2019,human
Microglia,1,0.9981,0.1210404441884869,-1.8383913107977359,TPM:Adult-Ex2,AIBS2019,human
OPC,1,0.4571,1.0087646987706382,0.030144430320462923,TPM:Adult-Ex2,AIBS2019,human
Oligodendrocyte,1,0.6108,0.8575422917387057,-0.39658394379394835,TPM:Adult-Ex2,AIBS2019,human
ASC,1,0.2183,1.243491829094054,0.6252848128232266,TPM:Adult-Ex3,DRONC_human,human
END,1,0.5757,0.8013969495642479,-0.38630185315400445,TPM:Adult-Ex3,DRONC_human,human
exCA,1,0.1732,1.2502655497548674,0.9028433932116189,TPM:Adult-Ex3,DRONC_human,human
exDG,1,0.8208,0.7130993927023701,-0.8950344150105566,TPM:Adult-Ex3,DRONC_human,human
exPFC,1,0,2.6693235489379066,6.121052871350545,TPM:Adult-Ex3,DRONC_human,human
GABA,1,0.0172,1.7741379882132033,2.532726473434951,TPM:Adult-Ex3,DRONC_human,human
MG,1,0.9707,0.2779800681998121,-1.0523567607879685,TPM:Adult-Ex3,DRONC_human,human
NSC,1,0.9521,0.38765809341919866,-1.3245832586680348,TPM:Adult-Ex3,DRONC_human,human
ODC,1,0.7659,0.6418466256177264,-0.7042441985703614,TPM:Adult-Ex3,DRONC_human,human
OPC,1,0.0293,2.0843126817758053,2.3792892444164435,TPM:Adult-Ex3,DRONC_human,human
Astrocyte,1,0.3084,1.1586558548145198,0.3731310079286691,TPM:Adult-Ex3,AIBS2019,human
Endothelial cell,1,0.4606,0.9564163758243085,-0.06484982213847303,TPM:Adult-Ex3,AIBS2019,human
GABAergic,1,0.7116,0.7911645369874132,-0.6245199954097213,TPM:Adult-Ex3,AIBS2019,human
Glutamatergic,1,0.0168,1.8382311592712435,2.4924808444131044,TPM:Adult-Ex3,AIBS2019,human
Microglia,1,0.982,0.18020271365609222,-1.5441364670994193,TPM:Adult-Ex3,AIBS2019,human
OPC,1,0.0659,1.6084211854869521,1.6528836150833455,TPM:Adult-Ex3,AIBS2019,human
Oligodendrocyte,1,0.2454,1.2499729257550587,0.57729408576611,TPM:Adult-Ex3,AIBS2019,human
ASC,1,0.9953,0.4726672998978513,-1.8147144805492246,TPM:Adult-Ex4,DRONC_human,human
END,1,0.6129,0.8557442410835358,-0.40095204522519745,TPM:Adult-Ex4,DRONC_human,human
exCA,1,0.1354,1.2141445765222922,1.0957328361516978,TPM:Adult-Ex4,DRONC_human,human
exDG,1,0.0087,1.626818106657353,2.8080578967065852,TPM:Adult-Ex4,DRONC_human,human
exPFC,1,0.0704,1.2942755079261623,1.5285497583664434,TPM:Adult-Ex4,DRONC_human,human
GABA,1,0.6025,0.929562049468277,-0.3266621816500711,TPM:Adult-Ex4,DRONC_human,human
MG,1,0.9983,0.2722044369039224,-1.601481970828141,TPM:Adult-Ex4,DRONC_human,human
NSC,1,0.2672,1.1787260479476225,0.5461062409270385,TPM:Adult-Ex4,DRONC_human,human
ODC,1,1,0.25981401728672154,-2.0298766665012424,TPM:Adult-Ex4,DRONC_human,human
OPC,1,0.8331,0.7226411091742732,-0.8685783869672108,TPM:Adult-Ex4,DRONC_human,human
Astrocyte,1,0.9386,0.5941058436628026,-1.3592861915524834,TPM:Adult-Ex4,AIBS2019,human
Endothelial cell,1,0.27,1.261594810503033,0.5357504938980485,TPM:Adult-Ex4,AIBS2019,human
GABAergic,1,0.2869,1.1159004550279943,0.5102711984182845,TPM:Adult-Ex4,AIBS2019,human
Glutamatergic,1,0,2.5340159829349935,6.8300032422600445,TPM:Adult-Ex4,AIBS2019,human
Microglia,1,0.9997,0.11610496290089128,-2.2512785681582725,TPM:Adult-Ex4,AIBS2019,human
OPC,1,0.6313,0.8998698233613969,-0.40946782397967574,TPM:Adult-Ex4,AIBS2019,human
Oligodendrocyte,1,0.9936,0.3982555934977905,-1.9828121647826629,TPM:Adult-Ex4,AIBS2019,human
ASC,1,0.0258,1.7354461582952265,2.3711431861067145,TPM:Adult-Ex5,DRONC_human,human
END,1,0.9007,0.5644288953490834,-1.159765127462816,TPM:Adult-Ex5,DRONC_human,human
exCA,1,0.1118,1.257227570099183,1.219043395709392,TPM:Adult-Ex5,DRONC_human,human
exDG,1,0.0612,1.3940680687390956,1.644826096792816,TPM:Adult-Ex5,DRONC_human,human
exPFC,1,0,2.137385327772561,5.505184910418939,TPM:Adult-Ex5,DRONC_human,human
GABA,1,0.7433,0.8469809131528853,-0.6632523882206475,TPM:Adult-Ex5,DRONC_human,human
MG,1,0.285,1.1355924368467523,0.3075301094978187,TPM:Adult-Ex5,DRONC_human,human
NSC,1,0.2685,1.1864236652881812,0.5241474168245142,TPM:Adult-Ex5,DRONC_human,human
ODC,1,0.9859,0.42268005961216276,-1.4479723838435756,TPM:Adult-Ex5,DRONC_human,human
OPC,1,0.694,0.8054423354515214,-0.5608768962230427,TPM:Adult-Ex5,DRONC_human,human
Astrocyte,1,0.0161,1.7879774664247465,2.4901234628118853,TPM:Adult-Ex5,AIBS2019,human
Endothelial cell,1,0.9332,0.33006356528088343,-1.319749996589944,TPM:Adult-Ex5,AIBS2019,human
GABAergic,1,0.98740000000000006,0.5447185575897647,-1.9177167541321551,TPM:Adult-Ex5,AIBS2019,human
Glutamatergic,1,0,2.174290574145258,4.719910912775919,TPM:Adult-Ex5,AIBS2019,human
Microglia,1,0.6348,0.8315285264983375,-0.42612826653964037,TPM:Adult-Ex5,AIBS2019,human
OPC,1,0.5199,0.9598065526691127,-0.1501217963361136,TPM:Adult-Ex5,AIBS2019,human
Oligodendrocyte,1,0.958,0.5352013163717367,-1.4801972191579948,TPM:Adult-Ex5,AIBS2019,human
ASC,1,0.0801,1.2982125703732814,1.47216791834664,TPM:Adult-Ex6,DRONC_human,human
END,1,0.8826,0.7238374673999948,-1.1601000746426953,TPM:Adult-Ex6,DRONC_human,human
exCA,1,1e-4,1.6938293182468056,5.054376688971813,TPM:Adult-Ex6,DRONC_human,human
exDG,1,0.7385,0.9024383165209764,-0.6498587873765753,TPM:Adult-Ex6,DRONC_human,human
exPFC,1,0.3896,1.0317859432665508,0.2394261388558957,TPM:Adult-Ex6,DRONC_human,human
GABA,1,0.0057,1.4680362299658833,3.022029581427613,TPM:Adult-Ex6,DRONC_human,human
MG,1,0.6654,0.8306358580502697,-0.5552136941553377,TPM:Adult-Ex6,DRONC_human,human
NSC,1,0.8766,0.7533474008209569,-1.1320611358989041,TPM:Adult-Ex6,DRONC_human,human
ODC,1,0.9995,0.44658961683627857,-2.3309774702696697,TPM:Adult-Ex6,DRONC_human,human
OPC,1,0.016,1.5426263239490436,2.573578686910104,TPM:Adult-Ex6,DRONC_human,human
Astrocyte,1,0.0077,1.5338570963882663,2.7280454086749684,TPM:Adult-Ex6,AIBS2019,human
Endothelial cell,1,0.8266,0.7008428196851765,-0.9533835197897353,TPM:Adult-Ex6,AIBS2019,human
GABAergic,1,0.0177,1.3713849192443117,2.277508193266543,TPM:Adult-Ex6,AIBS2019,human
Glutamatergic,1,0.0832,1.2228305081324586,1.3987992384764572,TPM:Adult-Ex6,AIBS2019,human
Microglia,1,0.9228,0.6551100730869452,-1.3488057875722146,TPM:Adult-Ex6,AIBS2019,human
OPC,1,0.0094,1.4400244499170585,2.6270450333582875,TPM:Adult-Ex6,AIBS2019,human
Oligodendrocyte,1,1,0.40871436466213584,-2.9852791239196246,TPM:Adult-Ex6,AIBS2019,human
ASC,1,0.1975,1.2898502421420004,0.6541171832793496,TPM:Adult-Ex7,DRONC_human,human
END,1,0.4103,0.9897639398334241,-0.01717935719983605,TPM:Adult-Ex7,DRONC_human,human
exCA,1,0.0106,1.940121109234035,2.7091311761368044,TPM:Adult-Ex7,DRONC_human,human
exDG,1,0.6614,0.8130892956056109,-0.4725923026906857,TPM:Adult-Ex7,DRONC_human,human
exPFC,1,0.2102,1.2372263847799876,0.6638058218627207,TPM:Adult-Ex7,DRONC_human,human
GABA,1,0.7025,0.7811421294362996,-0.5650726404083936,TPM:Adult-Ex7,DRONC_human,human
MG,1,0.5759,0.7063995587070968,-0.36554529662004004,TPM:Adult-Ex7,DRONC_human,human
NSC,1,0.5227,0.8387066471518454,-0.28728221057174946,TPM:Adult-Ex7,DRONC_human,human
ODC,1,0.136,1.5797505636081794,0.8780344351467306,TPM:Adult-Ex7,DRONC_human,human
OPC,1,0.0309,2.784453751952026,2.776693523108874,TPM:Adult-Ex7,DRONC_human,human
Astrocyte,1,0.9965,0.1657316319401343,-1.7885209147223626,TPM:Adult-Ex7,AIBS2019,human
Endothelial cell,1,0.7128,0.45205663596247664,-0.6862439592355797,TPM:Adult-Ex7,AIBS2019,human
GABAergic,1,0.7689,0.7059065109993268,-0.7677036947080563,TPM:Adult-Ex7,AIBS2019,human
Glutamatergic,1,0.1188,1.4956455733328626,1.2050487669590673,TPM:Adult-Ex7,AIBS2019,human
Microglia,1,0.9962,0.011911168064002546,-1.627833161471459,TPM:Adult-Ex7,AIBS2019,human
OPC,1,7e-4,2.854897471084329,4.27830869975896,TPM:Adult-Ex7,AIBS2019,human
Oligodendrocyte,1,0.1172,1.5887009991448506,1.2119520187837998,TPM:Adult-Ex7,AIBS2019,human
ASC,1,0.3074,1.064351625404366,0.4177723828840662,TPM:Adult-Ex8,DRONC_human,human
END,1,0.0781,1.2712870624429895,1.4707571042577359,TPM:Adult-Ex8,DRONC_human,human
exCA,1,0.0838,1.1529174977365293,1.4379305552833925,TPM:Adult-Ex8,DRONC_human,human
exDG,1,0.9239,0.8414678994246131,-1.3830515842698718,TPM:Adult-Ex8,DRONC_human,human
exPFC,1,0.5472,0.9849814088016131,-0.14635950780899876,TPM:Adult-Ex8,DRONC_human,human
GABA,1,0.0191,1.263113391626973,2.2348177688126296,TPM:Adult-Ex8,DRONC_human,human
MG,1,0.2569,1.1364710945859506,0.581394691280018,TPM:Adult-Ex8,DRONC_human,human
NSC,1,0.3867,1.0408825295880126,0.24465678855888212,TPM:Adult-Ex8,DRONC_human,human
ODC,1,0.0812,1.2820584545451084,1.4805916880885575,TPM:Adult-Ex8,DRONC_human,human
OPC,1,0.0011,1.683516949213341,3.816186566146681,TPM:Adult-Ex8,DRONC_human,human
Astrocyte,1,0.7742,0.88247114413348,-0.7788864597342934,TPM:Adult-Ex8,AIBS2019,human
Endothelial cell,1,0.3154,1.1072076239951358,0.4320318030947453,TPM:Adult-Ex8,AIBS2019,human
GABAergic,1,0.0645,1.191635025887828,1.5598095437658142,TPM:Adult-Ex8,AIBS2019,human
Glutamatergic,1,0.1922,1.104160314839538,0.8511949653946503,TPM:Adult-Ex8,AIBS2019,human
Microglia,1,0.6594,0.9142512029773289,-0.43443252410546584,TPM:Adult-Ex8,AIBS2019,human
OPC,1,0.0158,1.3066318820544982,2.3048483942061115,TPM:Adult-Ex8,AIBS2019,human
Oligodendrocyte,1,0.1429,1.1641144677907151,1.063804847977744,TPM:Adult-Ex8,AIBS2019,human
ASC,1,0.0285,1.9253874513200757,2.260253895291937,TPM:Adult-In2,DRONC_human,human
END,1,0.4144,0.9622970229876308,-0.06622106227220981,TPM:Adult-In2,DRONC_human,human
exCA,1,0.4217,1.031188802361936,0.10187471226515064,TPM:Adult-In2,DRONC_human,human
exDG,1,0.6957,0.8180780447396296,-0.5560404488640572,TPM:Adult-In2,DRONC_human,human
exPFC,1,0.8144,0.7316935197501228,-0.8604266574278329,TPM:Adult-In2,DRONC_human,human
GABA,1,3e-4,2.7089096952210237,5.251667946866232,TPM:Adult-In2,DRONC_human,human
MG,1,0.9656,0.2797921647262958,-0.9906273395711316,TPM:Adult-In2,DRONC_human,human
NSC,1,0.1458,1.5619633085744118,1.0842875906750962,TPM:Adult-In2,DRONC_human,human
ODC,1,0.9976,0.1598281107609747,-1.5761995362793126,TPM:Adult-In2,DRONC_human,human
OPC,1,0.992,0.2512046900362747,-1.5269594477337418,TPM:Adult-In2,DRONC_human,human
Astrocyte,1,0.5969,0.8366904367310337,-0.37639813778327974,TPM:Adult-In2,AIBS2019,human
Endothelial cell,1,0.0641,2.2701444006511844,1.741709731154569,TPM:Adult-In2,AIBS2019,human
GABAergic,1,5e-4,2.6230665424983015,4.627034680235559,TPM:Adult-In2,AIBS2019,human
Glutamatergic,1,0.8198,0.7015365284964968,-0.9063587780499044,TPM:Adult-In2,AIBS2019,human
Microglia,1,0.9894,0.10964934762452369,-1.5206125150604373,TPM:Adult-In2,AIBS2019,human
OPC,1,0.8489,0.6174732467982091,-0.9844050577539312,TPM:Adult-In2,AIBS2019,human
Oligodendrocyte,1,0.9995,0.09097968593427609,-1.9852878928982016,TPM:Adult-In2,AIBS2019,human
ASC,1,0.0345,1.650224972351409,2.20410132224254,TPM:Adult-In3,DRONC_human,human
END,1,0.6841,0.8085634066325252,-0.5733263232028151,TPM:Adult-In3,DRONC_human,human
exCA,1,0.4737,1.000547089676504,0.0027010633195364724,TPM:Adult-In3,DRONC_human,human
exDG,1,0.4116,1.0341388685428161,0.15826370217773428,TPM:Adult-In3,DRONC_human,human
exPFC,1,0.2888,1.0977621773664248,0.5298711232009202,TPM:Adult-In3,DRONC_human,human
GABA,1,0.001,1.8390606725055958,3.985729001978211,TPM:Adult-In3,DRONC_human,human
MG,1,0.9965,0.31802591095714566,-1.5286290500882276,TPM:Adult-In3,DRONC_human,human
NSC,1,0.0842,1.4403320733194143,1.468091066491285,TPM:Adult-In3,DRONC_human,human
ODC,1,0.9924,0.4314437016947332,-1.5766551610200306,TPM:Adult-In3,DRONC_human,human
OPC,1,0.296,1.1139539433512393,0.3584858881930107,TPM:Adult-In3,DRONC_human,human
Astrocyte,1,0.1326,1.3061335825175957,1.1326808302033635,TPM:Adult-In3,AIBS2019,human
Endothelial cell,1,0.2526,1.2870803412566438,0.617012649062743,TPM:Adult-In3,AIBS2019,human
GABAergic,1,4e-4,1.8999031465987366,3.989600776082038,TPM:Adult-In3,AIBS2019,human
Glutamatergic,1,0.701,0.8658912946141373,-0.57869148177852,TPM:Adult-In3,AIBS2019,human
Microglia,1,0.7609,0.7235327494347653,-0.7700495643775728,TPM:Adult-In3,AIBS2019,human
OPC,1,0.6016,0.9198898173657406,-0.32443083738924067,TPM:Adult-In3,AIBS2019,human
Oligodendrocyte,1,0.9797,0.5130972814139453,-1.7322078936348382,TPM:Adult-In3,AIBS2019,human
ASC,1,0.3158,1.1102712803140045,0.32608892374099735,TPM:Adult-In4,DRONC_human,human
END,1,0.1058,1.5715442884819093,1.314616449769137,TPM:Adult-In4,DRONC_human,human
exCA,1,0.8801,0.7116382065771462,-1.1153071643020853,TPM:Adult-In4,DRONC_human,human
exDG,1,0.9976,0.3631119182098803,-2.3614584802518257,TPM:Adult-In4,DRONC_human,human
exPFC,1,0.9538,0.6263016721255739,-1.6112939239149078,TPM:Adult-In4,DRONC_human,human
GABA,1,2e-4,2.50355445503901,5.44874317497464,TPM:Adult-In4,DRONC_human,human
MG,1,0.9893,0.28046331818806236,-1.2173075999726184,TPM:Adult-In4,DRONC_human,human
NSC,1,0.805,0.6392979969051106,-0.8783160322957052,TPM:Adult-In4,DRONC_human,human
ODC,1,0.5457,0.8457252343478772,-0.33703072272864026,TPM:Adult-In4,DRONC_human,human
OPC,1,0.0083,2.344684161098024,3.440159744120763,TPM:Adult-In4,DRONC_human,human
Astrocyte,1,0.8082,0.6975752730247143,-0.8523724268009221,TPM:Adult-In4,AIBS2019,human
Endothelial cell,1,0.4276,1.038882107037682,0.06474305478538908,TPM:Adult-In4,AIBS2019,human
GABAergic,1,0,2.737975299896394,6.057400605188726,TPM:Adult-In4,AIBS2019,human
Glutamatergic,1,0.9939,0.417663579607103,-1.959846038613065,TPM:Adult-In4,AIBS2019,human
Microglia,1,0.9998,0.021347484735515274,-2.000473122810632,TPM:Adult-In4,AIBS2019,human
OPC,1,0.2875,1.152655454866779,0.4910582093543384,TPM:Adult-In4,AIBS2019,human
Oligodendrocyte,1,0.3127,1.1441498313792753,0.3868564778390518,TPM:Adult-In4,AIBS2019,human
ASC,1,0.5633,0.8938299643872655,-0.3092509348456065,TPM:Adult-In5,DRONC_human,human
END,1,0.9336,0.4960001148661593,-1.2232042315593559,TPM:Adult-In5,DRONC_human,human
exCA,1,0.9344,0.6767241934950385,-1.4256708014635853,TPM:Adult-In5,DRONC_human,human
exDG,1,0.8952,0.7104449578974191,-1.1931010598096867,TPM:Adult-In5,DRONC_human,human
exPFC,1,0.2399,1.1392993653201406,0.6251126579192042,TPM:Adult-In5,DRONC_human,human
GABA,1,0.0733,1.3755247208506471,1.5270626600218469,TPM:Adult-In5,DRONC_human,human
MG,1,0.9782,0.38857909984486827,-1.257922424981309,TPM:Adult-In5,DRONC_human,human
NSC,1,0.8137,0.6508452732094394,-0.9038037629545858,TPM:Adult-In5,DRONC_human,human
ODC,1,0.0131,2.24950370908216,3.012703994252371,TPM:Adult-In5,DRONC_human,human
OPC,1,0.1049,1.4042360576037252,1.2277446642359011,TPM:Adult-In5,DRONC_human,human
Astrocyte,1,0.892,0.6141118943350876,-1.1061753792924385,TPM:Adult-In5,AIBS2019,human
Endothelial cell,1,1,0,-1.8382067405313924,TPM:Adult-In5,AIBS2019,human
GABAergic,1,1e-4,2.3449512314325305,4.879843311369696,TPM:Adult-In5,AIBS2019,human
Glutamatergic,1,0.093,1.3660376565340624,1.357696821556589,TPM:Adult-In5,AIBS2019,human
Microglia,1,0.997,0.17085998733831392,-1.950770369914099,TPM:Adult-In5,AIBS2019,human
OPC,1,0.4104,1.0361989789211645,0.13118183616216836,TPM:Adult-In5,AIBS2019,human
Oligodendrocyte,1,0.2799,1.1672157797286522,0.49172288085062305,TPM:Adult-In5,AIBS2019,human
ASC,1,0.7931,0.5684936379277399,-0.7071487924285353,TPM:Adult-In6,DRONC_human,human
END,1,0.1636,1.6089035461233951,0.9927142125856273,TPM:Adult-In6,DRONC_human,human
exCA,1,0.9708,0.34757170991144526,-1.60083789347858,TPM:Adult-In6,DRONC_human,human
exDG,1,0.9981,0.07101938811698931,-2.1165039350307353,TPM:Adult-In6,DRONC_human,human
exPFC,1,0.9765,0.3258640621019627,-1.7295513414967802,TPM:Adult-In6,DRONC_human,human
GABA,1,0,4.400958189415548,7.039819439723622,TPM:Adult-In6,DRONC_human,human
MG,1,0.5891,0.5580837442723919,-0.44689843100986026,TPM:Adult-In6,DRONC_human,human
NSC,1,0.8797,0.4029983887071848,-1.0204468723184172,TPM:Adult-In6,DRONC_human,human
ODC,1,0.9856,0.16533185397126576,-1.151536994425142,TPM:Adult-In6,DRONC_human,human
OPC,1,0.2147,1.307400780014587,0.48470300405503436,TPM:Adult-In6,DRONC_human,human
Astrocyte,1,0.8907,0.43741598852880886,-1.0775749947007445,TPM:Adult-In6,AIBS2019,human
Endothelial cell,1,0.3465,1.164934056749142,0.18530853997837748,TPM:Adult-In6,AIBS2019,human
GABAergic,1,4e-4,2.9875730916113485,4.640255700172311,TPM:Adult-In6,AIBS2019,human
Glutamatergic,1,0.994,0.2280132452284764,-1.7796874970750052,TPM:Adult-In6,AIBS2019,human
Microglia,1,0.5481,0.7801189611094539,-0.3335240722885676,TPM:Adult-In6,AIBS2019,human
OPC,1,0.0422,1.9496503371140885,2.0523054423919325,TPM:Adult-In6,AIBS2019,human
Oligodendrocyte,1,0.9399,0.3371420224918724,-1.275432499468119,TPM:Adult-In6,AIBS2019,human
ASC,1,1,0.20480688378694903,-2.5189142725041487,TPM:Adult-In7,DRONC_human,human
END,1,0.2579,1.230711415713694,0.550631296961972,TPM:Adult-In7,DRONC_human,human
exCA,1,0.1027,1.3045451229800848,1.2730345313052271,TPM:Adult-In7,DRONC_human,human
exDG,1,0.0174,1.6057301314251209,2.3863800019927037,TPM:Adult-In7,DRONC_human,human
exPFC,1,0.3334,1.087289966524494,0.3889571016513487,TPM:Adult-In7,DRONC_human,human
GABA,1,0.0639,1.4158871569517952,1.6397624583030928,TPM:Adult-In7,DRONC_human,human
MG,1,0.8725,0.5470914328391725,-0.8544335456593198,TPM:Adult-In7,DRONC_human,human
NSC,1,1,0.03338002936441603,-2.5341083965740996,TPM:Adult-In7,DRONC_human,human
ODC,1,0.1339,1.4533784016873665,1.0252831103361313,TPM:Adult-In7,DRONC_human,human
OPC,1,0.0136,2.0617992794674698,3.0704810754698073,TPM:Adult-In7,DRONC_human,human
Astrocyte,1,1,0.10272825655346231,-2.6590454984778304,TPM:Adult-In7,AIBS2019,human
Endothelial cell,1,0.3293,1.190428380580051,0.3261598786177936,TPM:Adult-In7,AIBS2019,human
GABAergic,1,0.1036,1.3635742689558101,1.326650609056149,TPM:Adult-In7,AIBS2019,human
Glutamatergic,1,0.0448,1.4986004008153069,1.8389805609054586,TPM:Adult-In7,AIBS2019,human
Microglia,1,0.9983,0.13805435632588814,-1.9291722136414053,TPM:Adult-In7,AIBS2019,human
OPC,1,0.0144,1.6869958129801064,2.5000419151376487,TPM:Adult-In7,AIBS2019,human
Oligodendrocyte,1,0.1136,1.4430349880090008,1.2437549332954656,TPM:Adult-In7,AIBS2019,human
ASC,1,0.7727,0.6050692340850932,-0.701450321009103,TPM:Adult-In8,DRONC_human,human
END,1,0.9024,0.2721785049195655,-1.0114346908829828,TPM:Adult-In8,DRONC_human,human
exCA,1,0.547,0.9185995025462981,-0.18432286958875604,TPM:Adult-In8,DRONC_human,human
exDG,1,0.7377,0.6695394794133055,-0.6742574228017318,TPM:Adult-In8,DRONC_human,human
exPFC,1,0.8423,0.5758167671016925,-0.9321294357265636,TPM:Adult-In8,DRONC_human,human
GABA,1,0.0272,2.47463528733535,2.7672503444574135,TPM:Adult-In8,DRONC_human,human
MG,1,0.5719,0.6027399160846123,-0.35897504409438225,TPM:Adult-In8,DRONC_human,human
NSC,1,0.1661,1.5690711524769745,0.8472933550964817,TPM:Adult-In8,DRONC_human,human
ODC,1,0.4553,0.874465257200544,-0.15954632660702178,TPM:Adult-In8,DRONC_human,human
OPC,1,0.0054,4.836751843048148,5.158195101672334,TPM:Adult-In8,DRONC_human,human
Astrocyte,1,0.8487,0.44929941396622086,-0.9312143748607875,TPM:Adult-In8,AIBS2019,human
Endothelial cell,1,0.7692,0.11836770718779019,-0.8869763186042138,TPM:Adult-In8,AIBS2019,human
GABAergic,1,0.147,1.5774816239977878,1.1229498695518858,TPM:Adult-In8,AIBS2019,human
Glutamatergic,1,0.9779,0.26356962012684176,-1.4591587493551554,TPM:Adult-In8,AIBS2019,human
Microglia,1,0.1493,1.8198454324753306,1.0375502529900094,TPM:Adult-In8,AIBS2019,human
OPC,1,0.0241,2.4192501575395506,2.5550708262202266,TPM:Adult-In8,AIBS2019,human
Oligodendrocyte,1,0.5751,0.7853132971759806,-0.3486161865372952,TPM:Adult-In8,AIBS2019,human
ASC,1,0.9999,0.35466500555827746,-2.548876854507376,TPM:Adult-Micro,DRONC_human,human
END,1,0.8169,0.7392260242230649,-0.903773961604548,TPM:Adult-Micro,DRONC_human,human
exCA,1,1,0.27750999086265493,-3.9151460691205546,TPM:Adult-Micro,DRONC_human,human
exDG,1,1,0.1223911432797047,-4.313782803798261,TPM:Adult-Micro,DRONC_human,human
exPFC,1,1,0.30327937658368204,-3.844023055579518,TPM:Adult-Micro,DRONC_human,human
GABA,1,1,0.35627495651369406,-3.0294433035171555,TPM:Adult-Micro,DRONC_human,human
MG,1,0,12.239945318093925,24.854070223627712,TPM:Adult-Micro,DRONC_human,human
NSC,1,1,0.20293026339366252,-2.802047870783795,TPM:Adult-Micro,DRONC_human,human
ODC,1,1,0.2158872591882214,-2.4998933626818225,TPM:Adult-Micro,DRONC_human,human
OPC,1,1,0.3040260322497723,-2.500732927512999,TPM:Adult-Micro,DRONC_human,human
Astrocyte,1,1,0.033809583870536127,-3.90786349520195,TPM:Adult-Micro,AIBS2019,human
Endothelial cell,1,0.9333,0.42312767346963615,-1.3624398291723556,TPM:Adult-Micro,AIBS2019,human
GABAergic,1,1,0.11733962605888888,-4.171461414012867,TPM:Adult-Micro,AIBS2019,human
Glutamatergic,1,1,0.10385091525310867,-4.211973394800267,TPM:Adult-Micro,AIBS2019,human
Microglia,1,0,6.22162578516148,16.231200784798425,TPM:Adult-Micro,AIBS2019,human
OPC,1,0.9999,0.3794560652653172,-2.8011934450395093,TPM:Adult-Micro,AIBS2019,human
Oligodendrocyte,1,1,0.05219771969202766,-3.821552486040967,TPM:Adult-Micro,AIBS2019,human
ASC,1,0.5312,0.9552038668482256,-0.20640594864702508,TPM:Adult-Oligo,DRONC_human,human
END,1,0.4602,1.004980125036896,0.019940423817785213,TPM:Adult-Oligo,DRONC_human,human
exCA,1,0.9992,0.5744695140458788,-2.836266523381063,TPM:Adult-Oligo,DRONC_human,human
exDG,1,1,0.45647545893132585,-3.3590677817410493,TPM:Adult-Oligo,DRONC_human,human
exPFC,1,1,0.399013513966105,-4.116093173188073,TPM:Adult-Oligo,DRONC_human,human
GABA,1,1,0.3674550016876098,-3.729265529999011,TPM:Adult-Oligo,DRONC_human,human
MG,1,0.1552,1.353048660934107,1.0222453977280868,TPM:Adult-Oligo,DRONC_human,human
NSC,1,0.959,0.6414108402539351,-1.561461601464973,TPM:Adult-Oligo,DRONC_human,human
ODC,1,0,9.80308001689493,29.147316224623776,TPM:Adult-Oligo,DRONC_human,human
OPC,1,0.0012,2.1662876166869496,4.518765552914114,TPM:Adult-Oligo,DRONC_human,human
Astrocyte,1,0.9998,0.4466991205025772,-2.68182238102567,TPM:Adult-Oligo,AIBS2019,human
Endothelial cell,1,0.5084,0.9693107739042048,-0.08802150326140708,TPM:Adult-Oligo,AIBS2019,human
GABAergic,1,1,0.09829648574250871,-5.172172282652402,TPM:Adult-Oligo,AIBS2019,human
Glutamatergic,1,1,0.2279461163831965,-4.355513965866824,TPM:Adult-Oligo,AIBS2019,human
Microglia,1,0.9859,0.47788671542756267,-1.9342734376119215,TPM:Adult-Oligo,AIBS2019,human
OPC,1,0.8075,0.833866056519177,-0.8755178163688333,TPM:Adult-Oligo,AIBS2019,human
Oligodendrocyte,1,0,5.404797514900348,20.038427136943575,TPM:Adult-Oligo,AIBS2019,human
ASC,1,0.4501,1.0046130446068078,0.028241247498937215,TPM:Adult-OPC,DRONC_human,human
END,1,0.9997,0.47372116939635484,-2.558770141837993,TPM:Adult-OPC,DRONC_human,human
exCA,1,0.9991,0.6555885124325088,-2.824122412659138,TPM:Adult-OPC,DRONC_human,human
exDG,1,1,0.5295740525092651,-3.5420375302935545,TPM:Adult-OPC,DRONC_human,human
exPFC,1,1,0.628236053867567,-3.2039498871855012,TPM:Adult-OPC,DRONC_human,human
GABA,1,0.9869,0.7330481969714734,-2.0075645675245126,TPM:Adult-OPC,DRONC_human,human
MG,1,0,6.730563310373615,19.235152460704917,TPM:Adult-OPC,DRONC_human,human
NSC,1,0.966,0.6837961069201421,-1.6676534833772667,TPM:Adult-OPC,DRONC_human,human
ODC,1,0.9997,0.48238505028827994,-2.399478027018838,TPM:Adult-OPC,DRONC_human,human
OPC,1,0,3.2141778111416963,11.888735032924643,TPM:Adult-OPC,DRONC_human,human
Astrocyte,1,0.9999,0.46162179143995297,-3.1700420375620113,TPM:Adult-OPC,AIBS2019,human
Endothelial cell,1,0.9973,0.34798896150469444,-2.330420959540805,TPM:Adult-OPC,AIBS2019,human
GABAergic,1,1,0.47431062819202685,-3.74684466638198,TPM:Adult-OPC,AIBS2019,human
Glutamatergic,1,1,0.339547697372687,-4.764906589922691,TPM:Adult-OPC,AIBS2019,human
Microglia,1,0,3.4620453945668994,11.197009703585845,TPM:Adult-OPC,AIBS2019,human
OPC,1,0,2.055595814251123,7.159674275094529,TPM:Adult-OPC,AIBS2019,human
Oligodendrocyte,1,1,0.2518964708483439,-4.3819172990602535,TPM:Adult-OPC,AIBS2019,human
ASC,1,0.9949,0.6250431457712862,-2.018287217177199,TPM:Adult-OtherNeuron,DRONC_human,human
END,1,0.999,0.4591141380058655,-2.5282109138756854,TPM:Adult-OtherNeuron,DRONC_human,human
exCA,1,0.8561,0.8616272634420138,-1.0620172184758934,TPM:Adult-OtherNeuron,DRONC_human,human
exDG,1,0.4479,1.0132404840428242,0.09569355196378876,TPM:Adult-OtherNeuron,DRONC_human,human
exPFC,1,0.9993,0.6246515791865663,-2.9971300391403366,TPM:Adult-OtherNeuron,DRONC_human,human
GABA,1,0,4.493451401446555,23.390294135324726,TPM:Adult-OtherNeuron,DRONC_human,human
MG,1,1,0.26936642104750635,-2.3661708155816528,TPM:Adult-OtherNeuron,DRONC_human,human
NSC,1,0.9999,0.38645070356125566,-3.087128180123485,TPM:Adult-OtherNeuron,DRONC_human,human
ODC,1,0.6693,0.8797956460962397,-0.5279641069928848,TPM:Adult-OtherNeuron,DRONC_human,human
OPC,1,0.1237,1.249641284549223,1.184441614466285,TPM:Adult-OtherNeuron,DRONC_human,human
Astrocyte,1,1,0.24916413257932518,-4.2522778141043975,TPM:Adult-OtherNeuron,AIBS2019,human
Endothelial cell,1,0.8348,0.7074035082601665,-0.9805855882608114,TPM:Adult-OtherNeuron,AIBS2019,human
GABAergic,1,0,3.720628099323424,18.17300648482271,TPM:Adult-OtherNeuron,AIBS2019,human
Glutamatergic,1,0.9997,0.5477714011170702,-2.9939067105585093,TPM:Adult-OtherNeuron,AIBS2019,human
Microglia,1,1,0.199152945662285,-3.4065021268899898,TPM:Adult-OtherNeuron,AIBS2019,human
OPC,1,0.9747,0.7178350213382497,-1.7977092574603837,TPM:Adult-OtherNeuron,AIBS2019,human
Oligodendrocyte,1,0.9846,0.6499073083986666,-1.9081160058303757,TPM:Adult-OtherNeuron,AIBS2019,human
ASC,1,0.3304,1.0744822390977673,0.2413533247302795,TPM:Dev-quiescent,DRONC_human,human
END,1,0.9967,0.30305508166492984,-1.8997240206248243,TPM:Dev-quiescent,DRONC_human,human
exCA,1,0.0144,1.4782982221095613,2.3455402004026116,TPM:Dev-quiescent,DRONC_human,human
exDG,1,0.8343,0.780071222145277,-0.9357594465737241,TPM:Dev-quiescent,DRONC_human,human
exPFC,1,0.1124,1.2472636600607603,1.2089555876997546,TPM:Dev-quiescent,DRONC_human,human
GABA,1,0.0355,1.4794899896015048,2.038069333020316,TPM:Dev-quiescent,DRONC_human,human
MG,1,0.3455,1.0541368064009595,0.11472960191289949,TPM:Dev-quiescent,DRONC_human,human
NSC,1,0.0312,1.7360482983165784,2.1652912231402226,TPM:Dev-quiescent,DRONC_human,human
ODC,1,0.9601,0.5203078180203217,-1.3760281643507526,TPM:Dev-quiescent,DRONC_human,human
OPC,1,8e-4,2.385963371755458,4.442735335682075,TPM:Dev-quiescent,DRONC_human,human
Astrocyte,1,0.2283,1.2165016426611936,0.7015786466863115,TPM:Dev-quiescent,AIBS2019,human
Endothelial cell,1,0.9646,0.26887845713620456,-1.5052294255486096,TPM:Dev-quiescent,AIBS2019,human
GABAergic,1,0.3286,1.09505428271285,0.37351030238738253,TPM:Dev-quiescent,AIBS2019,human
Glutamatergic,1,0.0474,1.444782391936135,1.7897524898075794,TPM:Dev-quiescent,AIBS2019,human
Microglia,1,0.7929,0.6719629048305054,-0.8473075452636972,TPM:Dev-quiescent,AIBS2019,human
OPC,1,4e-4,2.156011950506322,4.485683093995068,TPM:Dev-quiescent,AIBS2019,human
Oligodendrocyte,1,0.9083,0.6105202479837604,-1.239639283681136,TPM:Dev-quiescent,AIBS2019,human
ASC,1,0.0173,1.4923459280686817,2.5166880074084945,TPM:Dev-replicating,DRONC_human,human
END,1,0.999,0.43056637507113,-2.417802383898879,TPM:Dev-replicating,DRONC_human,human
exCA,1,0.8958,0.8354577135442692,-1.217160491618275,TPM:Dev-replicating,DRONC_human,human
exDG,1,0.9875,0.6950873297451705,-2.010769558497787,TPM:Dev-replicating,DRONC_human,human
exPFC,1,0.9968,0.6564524143966028,-2.532910147992763,TPM:Dev-replicating,DRONC_human,human
GABA,1,0.7127,0.9122920832502571,-0.594552519575489,TPM:Dev-replicating,DRONC_human,human
MG,1,0.9671,0.5380642160539989,-1.401008043443767,TPM:Dev-replicating,DRONC_human,human
NSC,1,0.5053,0.9826002896552266,-0.07918015091701425,TPM:Dev-replicating,DRONC_human,human
ODC,1,0.9827,0.5934440138328514,-1.6619993837324862,TPM:Dev-replicating,DRONC_human,human
OPC,1,0.0885,1.3192482869819488,1.4143102047397962,TPM:Dev-replicating,DRONC_human,human
Astrocyte,1,0.0395,1.3673839022936074,1.9017873010856503,TPM:Dev-replicating,AIBS2019,human
Endothelial cell,1,0.9057,0.5970707788944637,-1.2534193370622762,TPM:Dev-replicating,AIBS2019,human
GABAergic,1,0.2849,1.0811751561535574,0.5127504527446517,TPM:Dev-replicating,AIBS2019,human
Glutamatergic,1,0.329,1.0632411432821183,0.39287315872559286,TPM:Dev-replicating,AIBS2019,human
Microglia,1,0.9824,0.5304255013425545,-1.8647438415747404,TPM:Dev-replicating,AIBS2019,human
OPC,1,0.2976,1.0878212746143414,0.508770589152592,TPM:Dev-replicating,AIBS2019,human
Oligodendrocyte,1,0.989,0.606046875473124,-1.9921911734353406,TPM:Dev-replicating,AIBS2019,human
ASC,1,0,4.34378159607919,34.96829505472565,UMI:Astro,DRONC_human,human
END,1,0.9924,0.7468854289710493,-2.2045113777324987,UMI:Astro,DRONC_human,human
exCA,1,0.9997,0.7800725771038783,-3.3253659867025056,UMI:Astro,DRONC_human,human
exDG,1,0.999,0.7919086709747271,-2.885277882969904,UMI:Astro,DRONC_human,human
exPFC,1,0.9999,0.7829931468111077,-3.3813985079211912,UMI:Astro,DRONC_human,human
GABA,1,0.9954,0.8270752885173643,-2.366428805128696,UMI:Astro,DRONC_human,human
MG,1,0.9954,0.6802888075264868,-2.0976908437546675,UMI:Astro,DRONC_human,human
NSC,1,2e-4,1.4502677704002669,4.19064739524595,UMI:Astro,DRONC_human,human
ODC,1,0.2572,1.0708615159459858,0.6097930904759015,UMI:Astro,DRONC_human,human
OPC,1,1e-4,1.505944475196627,5.026907628372559,UMI:Astro,DRONC_human,human
Astrocyte,1,0,3.6850432530810022,28.209337222014376,UMI:Astro,AIBS2019,human
Endothelial cell,1,0.9024,0.8033887769194005,-1.2727712463727916,UMI:Astro,AIBS2019,human
GABAergic,1,1,0.514670438720464,-6.286698619533702,UMI:Astro,AIBS2019,human
Glutamatergic,1,1,0.4691040645542562,-6.959936717748209,UMI:Astro,AIBS2019,human
Microglia,1,1,0.44172601683990986,-4.48422277012754,UMI:Astro,AIBS2019,human
OPC,1,0.0123,1.1827991671381275,2.3047445138649647,UMI:Astro,AIBS2019,human
Oligodendrocyte,1,0.9996,0.6888622178815649,-3.1513970013715675,UMI:Astro,AIBS2019,human
ASC,1,1,0.5734656534174103,-3.092233341911734,UMI:Endo,DRONC_human,human
END,1,0,5.204123262912602,26.111246583079136,UMI:Endo,DRONC_human,human
exCA,1,1,0.4014150293161762,-6.285287451635737,UMI:Endo,DRONC_human,human
exDG,1,1,0.40609375667801506,-5.7505987325090455,UMI:Endo,DRONC_human,human
exPFC,1,1,0.4311319622176241,-6.243597467561111,UMI:Endo,DRONC_human,human
GABA,1,1,0.45732429051107176,-5.294187238939187,UMI:Endo,DRONC_human,human
MG,1,0.9999,0.4759005305508386,-2.354631872402549,UMI:Endo,DRONC_human,human
NSC,1,0.9971,0.6445372588812939,-2.4089261204322554,UMI:Endo,DRONC_human,human
ODC,1,1,0.440307772444146,-3.3624450406138098,UMI:Endo,DRONC_human,human
OPC,1,1,0.45411027373360324,-3.4382032267854648,UMI:Endo,DRONC_human,human
Astrocyte,1,1,0.529604013764221,-3.5256588510821256,UMI:Endo,AIBS2019,human
Endothelial cell,1,0,6.352611821325648,24.405872283482577,UMI:Endo,AIBS2019,human
GABAergic,1,1,0.4252835585044367,-5.2323867845238095,UMI:Endo,AIBS2019,human
Glutamatergic,1,1,0.38725381476677545,-5.476372107879307,UMI:Endo,AIBS2019,human
Microglia,1,0.9842,0.6549746281429619,-1.9476057689858048,UMI:Endo,AIBS2019,human
OPC,1,1,0.41510977691040757,-5.0276679404026865,UMI:Endo,AIBS2019,human
Oligodendrocyte,1,1,0.3895389376257301,-4.396554712228815,UMI:Endo,AIBS2019,human
ASC,1,1,0.685839009731191,-4.6487852376522,UMI:Ex1,DRONC_human,human
END,1,1,0.4489009887978039,-6.598925532813181,UMI:Ex1,DRONC_human,human
exCA,1,0,1.7606160708501053,15.816036135853446,UMI:Ex1,DRONC_human,human
exDG,1,0,1.7582572121326405,14.53026883490752,UMI:Ex1,DRONC_human,human
exPFC,1,0,2.0570180402067653,22.57531376867927,UMI:Ex1,DRONC_human,human
GABA,1,0,1.2917076259854363,5.581711885387125,UMI:Ex1,DRONC_human,human
MG,1,1,0.42283331019205456,-5.339155933095505,UMI:Ex1,DRONC_human,human
NSC,1,1,0.5371008812875894,-5.995455694627602,UMI:Ex1,DRONC_human,human
ODC,1,1,0.4033922760559617,-6.884625974301791,UMI:Ex1,DRONC_human,human
OPC,1,0.9353,0.888757829253241,-1.4548510628075966,UMI:Ex1,DRONC_human,human
Astrocyte,1,1,0.6740209011040621,-4.738481038925731,UMI:Ex1,AIBS2019,human
Endothelial cell,1,1,0.5370741888209447,-4.045235799465883,UMI:Ex1,AIBS2019,human
GABAergic,1,0,1.4137641189937993,7.38252049022316,UMI:Ex1,AIBS2019,human
Glutamatergic,1,0,2.445061388257485,25.642390865610174,UMI:Ex1,AIBS2019,human
Microglia,1,1,0.4021965055593256,-6.696602358685719,UMI:Ex1,AIBS2019,human
OPC,1,0.5754,0.9870419406329402,-0.21816541630597241,UMI:Ex1,AIBS2019,human
Oligodendrocyte,1,1,0.4839144675925699,-7.367067770156325,UMI:Ex1,AIBS2019,human
ASC,1,1,0.7256949879349434,-3.545029799651732,UMI:Ex2,DRONC_human,human
END,1,1,0.4711888943149858,-5.403662291174517,UMI:Ex2,DRONC_human,human
exCA,1,0,1.627604230420407,11.28538287257931,UMI:Ex2,DRONC_human,human
exDG,1,0,1.447681542538364,7.471165010343272,UMI:Ex2,DRONC_human,human
exPFC,1,0,2.1189171139985765,20.586015945845844,UMI:Ex2,DRONC_human,human
GABA,1,0,1.3640944812080027,6.16088518965617,UMI:Ex2,DRONC_human,human
MG,1,1,0.48627634278134313,-4.123665939272941,UMI:Ex2,DRONC_human,human
NSC,1,1,0.48499611509398566,-5.738544247318319,UMI:Ex2,DRONC_human,human
ODC,1,1,0.4648585525224318,-5.487597953070771,UMI:Ex2,DRONC_human,human
OPC,1,0.2983,1.0414764605680626,0.49048318930677604,UMI:Ex2,DRONC_human,human
Astrocyte,1,1,0.6545813943429067,-4.249379562236175,UMI:Ex2,AIBS2019,human
Endothelial cell,1,0.9999,0.5927231575855566,-3.1210843860524555,UMI:Ex2,AIBS2019,human
GABAergic,1,0,1.3423381701594643,5.269246206140289,UMI:Ex2,AIBS2019,human
Glutamatergic,1,0,2.2778421443036585,20.352611988744442,UMI:Ex2,AIBS2019,human
Microglia,1,1,0.38228505114365297,-5.932523366135396,UMI:Ex2,AIBS2019,human
OPC,1,0.0473,1.1175405077596332,1.7032373142842359,UMI:Ex2,AIBS2019,human
Oligodendrocyte,1,1,0.5027859613481056,-6.035980835496903,UMI:Ex2,AIBS2019,human
ASC,1,0.9994,0.8098460074439935,-2.969452947760408,UMI:Ex3e,DRONC_human,human
END,1,0.8663,0.917564240271438,-1.1008605282390191,UMI:Ex3e,DRONC_human,human
exCA,1,0,1.6694782185947443,14.597574301824922,UMI:Ex3e,DRONC_human,human
exDG,1,0,1.7407679074299949,14.765865042749498,UMI:Ex3e,DRONC_human,human
exPFC,1,0,1.797665720994903,17.80628348066409,UMI:Ex3e,DRONC_human,human
GABA,1,0,1.5045292466968763,10.071620849836869,UMI:Ex3e,DRONC_human,human
MG,1,1,0.6145189756522935,-3.548756500365473,UMI:Ex3e,DRONC_human,human
NSC,1,0.9997,0.7681130929849547,-3.321615942167578,UMI:Ex3e,DRONC_human,human
ODC,1,0.9988,0.7803459964051784,-2.6365055180783163,UMI:Ex3e,DRONC_human,human
OPC,1,0.9202,0.9030746786868863,-1.3376042565192643,UMI:Ex3e,DRONC_human,human
Astrocyte,1,1,0.639956178668336,-5.740615318175461,UMI:Ex3e,AIBS2019,human
Endothelial cell,1,0.7849,0.9155400149808454,-0.7907206519989284,UMI:Ex3e,AIBS2019,human
GABAergic,1,0,1.4929806973656738,9.319416628749158,UMI:Ex3e,AIBS2019,human
Glutamatergic,1,0,1.9568961180600697,17.711898296121227,UMI:Ex3e,AIBS2019,human
Microglia,1,1,0.691048573641712,-3.7598636349251264,UMI:Ex3e,AIBS2019,human
OPC,1,0.9552,0.9083183896692003,-1.6548195678102668,UMI:Ex3e,AIBS2019,human
Oligodendrocyte,1,0.329,1.0269699419569833,0.4246254351279536,UMI:Ex3e,AIBS2019,human
ASC,1,1,0.6395391948662452,-5.285784667387506,UMI:Ex4,DRONC_human,human
END,1,1,0.5796413578321219,-4.842122843229684,UMI:Ex4,DRONC_human,human
exCA,1,0,1.5984570672810323,12.154841931839139,UMI:Ex4,DRONC_human,human
exDG,1,0,1.5376837839667492,9.911183507895137,UMI:Ex4,DRONC_human,human
exPFC,1,0,2.1530456399662716,23.781313631173663,UMI:Ex4,DRONC_human,human
GABA,1,0,1.5420082144188558,10.100008709889954,UMI:Ex4,DRONC_human,human
MG,1,1,0.5317102655911438,-3.9788912880501823,UMI:Ex4,DRONC_human,human
NSC,1,1,0.4898982979980908,-6.297151891850606,UMI:Ex4,DRONC_human,human
ODC,1,1,0.5065527988270464,-5.458545526689082,UMI:Ex4,DRONC_human,human
OPC,1,0.8814,0.9096482933812369,-1.1567882448026958,UMI:Ex4,DRONC_human,human
Astrocyte,1,1,0.48552167093520754,-7.117112921474305,UMI:Ex4,AIBS2019,human
Endothelial cell,1,0.9823,0.7572094675145776,-2.057283632373516,UMI:Ex4,AIBS2019,human
GABAergic,1,0,1.4749708160804091,8.194255816243686,UMI:Ex4,AIBS2019,human
Glutamatergic,1,0,2.2784493216385737,22.14438359083817,UMI:Ex4,AIBS2019,human
Microglia,1,1,0.5328242008075604,-4.976113844605946,UMI:Ex4,AIBS2019,human
OPC,1,0.717,0.9640911279747382,-0.5862572985628981,UMI:Ex4,AIBS2019,human
Oligodendrocyte,1,1,0.6554108843942569,-4.759477905695552,UMI:Ex4,AIBS2019,human
ASC,1,1,0.6552014011748648,-4.7228769152156005,UMI:Ex5b,DRONC_human,human
END,1,1,0.45007650032617386,-5.902658310760651,UMI:Ex5b,DRONC_human,human
exCA,1,0,1.784360205763826,14.780026327029903,UMI:Ex5b,DRONC_human,human
exDG,1,0,1.5451572343927782,9.572177986078716,UMI:Ex5b,DRONC_human,human
exPFC,1,0,2.1951260396852192,23.160707565638596,UMI:Ex5b,DRONC_human,human
GABA,1,0,1.27421631948833,4.798367783045866,UMI:Ex5b,DRONC_human,human
MG,1,1,0.4767848217583467,-4.314574554971509,UMI:Ex5b,DRONC_human,human
NSC,1,1,0.48354854013098214,-6.010812336262175,UMI:Ex5b,DRONC_human,human
ODC,1,1,0.4445476575572045,-5.90145328441683,UMI:Ex5b,DRONC_human,human
OPC,1,0.615,0.9733840395045559,-0.3271326107614365,UMI:Ex5b,DRONC_human,human
Astrocyte,1,1,0.5557605609919277,-5.760963301474067,UMI:Ex5b,AIBS2019,human
Endothelial cell,1,1,0.5458863833233262,-3.6067766319554293,UMI:Ex5b,AIBS2019,human
GABAergic,1,0,1.2870998223243455,4.6036901120902884,UMI:Ex5b,AIBS2019,human
Glutamatergic,1,0,2.5325794004102296,24.409378488623926,UMI:Ex5b,AIBS2019,human
Microglia,1,1,0.435132053137227,-5.67437108305436,UMI:Ex5b,AIBS2019,human
OPC,1,0.2659,1.040899754502201,0.6295936061746693,UMI:Ex5b,AIBS2019,human
Oligodendrocyte,1,1,0.5299907916078623,-5.9558270187876605,UMI:Ex5b,AIBS2019,human
ASC,1,1,0.6816998527620003,-4.321911764809226,UMI:Ex6a,DRONC_human,human
END,1,1,0.4093949633373003,-6.249667961719602,UMI:Ex6a,DRONC_human,human
exCA,1,0,1.6738069696390114,12.587797722049642,UMI:Ex6a,DRONC_human,human
exDG,1,0,1.4414910873875824,7.566875028971647,UMI:Ex6a,DRONC_human,human
exPFC,1,0,1.7306367745068039,13.977656583091177,UMI:Ex6a,DRONC_human,human
GABA,1,0,1.6122654483229057,10.533343296042496,UMI:Ex6a,DRONC_human,human
MG,1,1,0.6018134985320059,-3.2748761938747672,UMI:Ex6a,DRONC_human,human
NSC,1,1,0.5749454587168668,-4.919017921904308,UMI:Ex6a,DRONC_human,human
ODC,1,1,0.5662924527410987,-4.625037081986615,UMI:Ex6a,DRONC_human,human
OPC,1,7e-4,1.302085675183856,3.555794977583078,UMI:Ex6a,DRONC_human,human
Astrocyte,1,1,0.5693076208691075,-5.548695234976068,UMI:Ex6a,AIBS2019,human
Endothelial cell,1,0.9999,0.5725216353229767,-3.425151217191295,UMI:Ex6a,AIBS2019,human
GABAergic,1,0,1.5813873318072265,9.27450730163751,UMI:Ex6a,AIBS2019,human
Glutamatergic,1,0,1.8816904029217665,14.223196341238438,UMI:Ex6a,AIBS2019,human
Microglia,1,1,0.536653479754259,-4.648170436496973,UMI:Ex6a,AIBS2019,human
OPC,1,0,1.2719578145011934,4.140306035353749,UMI:Ex6a,AIBS2019,human
Oligodendrocyte,1,1,0.5917373384056166,-5.198836856174839,UMI:Ex6a,AIBS2019,human
ASC,1,1,0.7241150895821808,-3.4953651506864474,UMI:Ex6b,DRONC_human,human
END,1,1,0.41670386388553377,-5.7968371980000315,UMI:Ex6b,DRONC_human,human
exCA,1,0,1.8212669420686245,14.69174459612784,UMI:Ex6b,DRONC_human,human
exDG,1,0,1.4852635636244922,7.897015599480291,UMI:Ex6b,DRONC_human,human
exPFC,1,0,1.9028075439962742,16.675960422781476,UMI:Ex6b,DRONC_human,human
GABA,1,0,1.324562075054309,5.301521671752568,UMI:Ex6b,DRONC_human,human
MG,1,1,0.5233335953677781,-3.763704425485459,UMI:Ex6b,DRONC_human,human
NSC,1,1,0.5376629146868207,-5.09902066527343,UMI:Ex6b,DRONC_human,human
ODC,1,1,0.5174361919677228,-4.841407595866225,UMI:Ex6b,DRONC_human,human
OPC,1,0.0469,1.1456077096705988,1.7453642198086075,UMI:Ex6b,DRONC_human,human
Astrocyte,1,1,0.6137734111922415,-4.766496396083706,UMI:Ex6b,AIBS2019,human
Endothelial cell,1,0.9999,0.5480732370019504,-3.4202995831176013,UMI:Ex6b,AIBS2019,human
GABAergic,1,0,1.3941747795665285,6.035327062155706,UMI:Ex6b,AIBS2019,human
Glutamatergic,1,0,2.2116151389943313,19.063500714741874,UMI:Ex6b,AIBS2019,human
Microglia,1,1,0.3940740650599783,-5.805129887598591,UMI:Ex6b,AIBS2019,human
OPC,1,0.0023,1.2084943581754288,3.0580327953214503,UMI:Ex6b,AIBS2019,human
Oligodendrocyte,1,1,0.5662946132402582,-5.273987596241177,UMI:Ex6b,AIBS2019,human
ASC,1,1,0.7720361393151597,-3.3153725011021535,UMI:Ex8,DRONC_human,human
END,1,0.997,0.7908116604156095,-2.5055452603261616,UMI:Ex8,DRONC_human,human
exCA,1,0,1.6579165444018922,13.454589008210233,UMI:Ex8,DRONC_human,human
exDG,1,0,1.5272229262903374,9.972310757044767,UMI:Ex8,DRONC_human,human
exPFC,1,0,1.922304292126001,19.42762011470727,UMI:Ex8,DRONC_human,human
GABA,1,0,1.3679330238317366,6.90028458252205,UMI:Ex8,DRONC_human,human
MG,1,1,0.6378950837632412,-3.1976561549524436,UMI:Ex8,DRONC_human,human
NSC,1,1,0.534127376996973,-6.019949270897701,UMI:Ex8,DRONC_human,human
ODC,1,1,0.6745516580462224,-3.758234968773891,UMI:Ex8,DRONC_human,human
OPC,1,0.6768,0.9623863950574474,-0.49435847494036594,UMI:Ex8,DRONC_human,human
Astrocyte,1,1,0.6726202348634671,-4.680135270346571,UMI:Ex8,AIBS2019,human
Endothelial cell,1,0.9729,0.7905479415172775,-1.8497730608858323,UMI:Ex8,AIBS2019,human
GABAergic,1,0,1.3627545001674164,6.394745204386412,UMI:Ex8,AIBS2019,human
Glutamatergic,1,0,2.0682778522793535,18.644990656985208,UMI:Ex8,AIBS2019,human
Microglia,1,1,0.6127688375766192,-4.271441605469635,UMI:Ex8,AIBS2019,human
OPC,1,0.2283,1.0435716303696223,0.7208490116495828,UMI:Ex8,AIBS2019,human
Oligodendrocyte,1,1,0.710893726774008,-4.103141168942263,UMI:Ex8,AIBS2019,human
ASC,1,0.9974,0.7814600259631754,-2.5341884099107963,UMI:Ex9,DRONC_human,human
END,1,0.6198,0.9667757508769746,-0.32645856608474816,UMI:Ex9,DRONC_human,human
exCA,1,0,1.59315316745982,9.756908793024225,UMI:Ex9,DRONC_human,human
exDG,1,0,1.6346308420194633,9.470727539547813,UMI:Ex9,DRONC_human,human
exPFC,1,0,1.6762026890850783,11.477501313641566,UMI:Ex9,DRONC_human,human
GABA,1,0,1.6063797320051345,8.97800071084103,UMI:Ex9,DRONC_human,human
MG,1,0.9997,0.5848757969728481,-2.8411829551737218,UMI:Ex9,DRONC_human,human
NSC,1,0.9991,0.722621271216233,-2.9104616460782893,UMI:Ex9,DRONC_human,human
ODC,1,0.9346,0.8440865054749686,-1.4201317407690386,UMI:Ex9,DRONC_human,human
OPC,1,0.6612,0.9550326558618696,-0.4661283258737558,UMI:Ex9,DRONC_human,human
Astrocyte,1,1,0.6406251821542182,-4.2218075523092,UMI:Ex9,AIBS2019,human
Endothelial cell,1,0.448,1.014117121195195,0.09891358393437352,UMI:Ex9,AIBS2019,human
GABAergic,1,0,1.4746979298322225,6.677388788519676,UMI:Ex9,AIBS2019,human
Glutamatergic,1,0,1.7674167380244925,10.585349508847521,UMI:Ex9,AIBS2019,human
Microglia,1,0.9998,0.6343732196842224,-3.291809193202028,UMI:Ex9,AIBS2019,human
OPC,1,0.8377,0.9267643204373568,-0.9754336891942855,UMI:Ex9,AIBS2019,human
Oligodendrocyte,1,0.0367,1.1596837062824936,1.8642148004041392,UMI:Ex9,AIBS2019,human
ASC,1,0.9982,0.8049734031027657,-2.6468369146215798,UMI:In1a,DRONC_human,human
END,1,1,0.5912977600715603,-4.450042341153706,UMI:In1a,DRONC_human,human
exCA,1,0,1.3131223346602887,6.112397732781943,UMI:In1a,DRONC_human,human
exDG,1,1e-4,1.2639534429169772,4.650153835309222,UMI:In1a,DRONC_human,human
exPFC,1,0,1.2519702942108608,5.023231429750868,UMI:In1a,DRONC_human,human
GABA,1,0,2.4684241890941747,25.82028922099505,UMI:In1a,DRONC_human,human
MG,1,1,0.5190151053870921,-3.9895696859074494,UMI:In1a,DRONC_human,human
NSC,1,1,0.6792361996483229,-3.830651626540987,UMI:In1a,DRONC_human,human
ODC,1,0.9376,0.8660407501155594,-1.455935235485665,UMI:In1a,DRONC_human,human
OPC,1,0.007,1.222690938338044,2.742895074974379,UMI:In1a,DRONC_human,human
Astrocyte,1,1,0.6379141029573501,-4.894892417479242,UMI:In1a,AIBS2019,human
Endothelial cell,1,0.9991,0.633535911588792,-2.9550247028315213,UMI:In1a,AIBS2019,human
GABAergic,1,0,2.194264439373436,19.583980166214353,UMI:In1a,AIBS2019,human
Glutamatergic,1,0.01,1.1472622415547862,2.432590246623968,UMI:In1a,AIBS2019,human
Microglia,1,1,0.5198097958946061,-4.941450033559634,UMI:In1a,AIBS2019,human
OPC,1,0.012,1.1467991646323685,2.3285974988618947,UMI:In1a,AIBS2019,human
Oligodendrocyte,1,0.9929,0.8236888794462329,-2.301589501659923,UMI:In1a,AIBS2019,human
ASC,1,1,0.7224735038422143,-3.5661162164652564,UMI:In1b,DRONC_human,human
END,1,1,0.5470963842578025,-4.723964359638801,UMI:In1b,DRONC_human,human
exCA,1,0,1.3220759342376884,6.001560324703819,UMI:In1b,DRONC_human,human
exDG,1,0,1.3189882582314827,5.51239338790012,UMI:In1b,DRONC_human,human
exPFC,1,0,1.333698032156132,6.429793758684489,UMI:In1b,DRONC_human,human
GABA,1,0,2.3255353889391377,22.48252400920939,UMI:In1b,DRONC_human,human
MG,1,1,0.5177199822397556,-3.9370873858813837,UMI:In1b,DRONC_human,human
NSC,1,1,0.5922659155204011,-4.614607877765238,UMI:In1b,DRONC_human,human
ODC,1,0.9895,0.8048503830578301,-2.06106694706457,UMI:In1b,DRONC_human,human
OPC,1,0.0068,1.237784716498342,2.788818580678243,UMI:In1b,DRONC_human,human
Astrocyte,1,1,0.60054667351704,-5.040376340510163,UMI:In1b,AIBS2019,human
Endothelial cell,1,0.99,0.7214459489264586,-2.198079800823678,UMI:In1b,AIBS2019,human
GABAergic,1,0,2.2274673221913117,19.46157937837413,UMI:In1b,AIBS2019,human
Glutamatergic,1,1e-4,1.2365046198979224,3.77815474527593,UMI:In1b,AIBS2019,human
Microglia,1,1,0.40996625922426944,-5.8800295520761985,UMI:In1b,AIBS2019,human
OPC,1,0.0369,1.1220682749725417,1.8412293059499298,UMI:In1b,AIBS2019,human
Oligodendrocyte,1,1,0.6497771760054403,-4.425650282745066,UMI:In1b,AIBS2019,human
ASC,1,1,0.7044883407077267,-3.480904723504876,UMI:In1c,DRONC_human,human
END,1,1,0.4369742544679624,-5.245696952403589,UMI:In1c,DRONC_human,human
exCA,1,0,1.3613253139691923,6.0748575637191,UMI:In1c,DRONC_human,human
exDG,1,0,1.301965539029904,4.548942943170869,UMI:In1c,DRONC_human,human
exPFC,1,0,1.3698097522155643,6.214606614705522,UMI:In1c,DRONC_human,human
GABA,1,0,2.504366301922125,22.816147634247546,UMI:In1c,DRONC_human,human
MG,1,1,0.5199062186694415,-3.3821509466028647,UMI:In1c,DRONC_human,human
NSC,1,1,0.5732780243667752,-4.283012960324218,UMI:In1c,DRONC_human,human
ODC,1,0.9614,0.8244892867067112,-1.6303311278876975,UMI:In1c,DRONC_human,human
OPC,1,0.0075,1.2586656321285885,2.7642853060040444,UMI:In1c,DRONC_human,human
Astrocyte,1,1,0.5232898117201962,-5.504875820193612,UMI:In1c,AIBS2019,human
Endothelial cell,1,0.9996,0.5720888612998717,-2.9906478048077463,UMI:In1c,AIBS2019,human
GABAergic,1,0,2.2255969652074805,17.31144095388704,UMI:In1c,AIBS2019,human
Glutamatergic,1,4e-4,1.2613309997274427,3.7125534050491305,UMI:In1c,AIBS2019,human
Microglia,1,1,0.43713878912616316,-4.94012224194855,UMI:In1c,AIBS2019,human
OPC,1,2e-4,1.2907877218681503,3.9638730873929218,UMI:In1c,AIBS2019,human
Oligodendrocyte,1,1,0.6857978801614721,-3.5827107833614584,UMI:In1c,AIBS2019,human
ASC,1,0.9987,0.7824599149502885,-2.6481853483475937,UMI:In3,DRONC_human,human
END,1,1,0.47273560999297853,-5.058187536006758,UMI:In3,DRONC_human,human
exCA,1,0,1.3767021962015542,6.285574057272146,UMI:In3,DRONC_human,human
exDG,1,0,1.4185060297285716,6.383814925260578,UMI:In3,DRONC_human,human
exPFC,1,0,1.3775739952432207,6.563424594914393,UMI:In3,DRONC_human,human
GABA,1,0,2.2354600614074953,19.14624698318477,UMI:In3,DRONC_human,human
MG,1,1,0.4879562825131654,-3.7076476581339346,UMI:In3,DRONC_human,human
NSC,1,1,0.6157931436984386,-3.9217680606415333,UMI:In3,DRONC_human,human
ODC,1,0.9999,0.6767816519241899,-3.0688722036054306,UMI:In3,DRONC_human,human
OPC,1,0.0207,1.208406722416064,2.243316029606607,UMI:In3,DRONC_human,human
Astrocyte,1,1,0.6765106394264926,-3.754573901970841,UMI:In3,AIBS2019,human
Endothelial cell,1,0.9989,0.5851048884832574,-2.9286802442449162,UMI:In3,AIBS2019,human
GABAergic,1,0,2.191185413290966,17.15874378453635,UMI:In3,AIBS2019,human
Glutamatergic,1,0,1.2899304366314865,4.249088322990328,UMI:In3,AIBS2019,human
Microglia,1,1,0.37134476703942265,-5.6272868784104375,UMI:In3,AIBS2019,human
OPC,1,6e-4,1.2464532554136678,3.423448470567821,UMI:In3,AIBS2019,human
Oligodendrocyte,1,1,0.5479104316018928,-5.165717951517335,UMI:In3,AIBS2019,human
ASC,1,1,0.7107908248302875,-3.680621212279111,UMI:In4a,DRONC_human,human
END,1,1,0.5168661648507741,-4.775059234561487,UMI:In4a,DRONC_human,human
exCA,1,0,1.2803719710047952,5.104417676338956,UMI:In4a,DRONC_human,human
exDG,1,0,1.3132131255893145,5.139051759639253,UMI:In4a,DRONC_human,human
exPFC,1,0,1.2714496459845641,4.973156470838685,UMI:In4a,DRONC_human,human
GABA,1,0,2.4733628109954733,23.9636523959308,UMI:In4a,DRONC_human,human
MG,1,1,0.47521644155864,-4.08202604532885,UMI:In4a,DRONC_human,human
NSC,1,1,0.5739767948340341,-4.6841986480082385,UMI:In4a,DRONC_human,human
ODC,1,0.9633,0.8379872151475957,-1.6583840426721972,UMI:In4a,DRONC_human,human
OPC,1,9e-4,1.3035396940482105,3.507269443257063,UMI:In4a,DRONC_human,human
Astrocyte,1,1,0.5837174663211824,-5.152992715690603,UMI:In4a,AIBS2019,human
Endothelial cell,1,1,0.5323090553947846,-3.5308193742632175,UMI:In4a,AIBS2019,human
GABAergic,1,0,2.3051902287070662,19.96928527349873,UMI:In4a,AIBS2019,human
Glutamatergic,1,0.0028,1.1913265112899287,2.91043117869724,UMI:In4a,AIBS2019,human
Microglia,1,1,0.42652868227130314,-5.475049053330419,UMI:In4a,AIBS2019,human
OPC,1,0.0046,1.1887162432243055,2.7555640981396925,UMI:In4a,AIBS2019,human
Oligodendrocyte,1,1,0.7026775598437779,-3.5846739413981648,UMI:In4a,AIBS2019,human
ASC,1,1,0.7353441534319894,-3.838481752081974,UMI:In4b,DRONC_human,human
END,1,1,0.6292255209949904,-4.352624837027742,UMI:In4b,DRONC_human,human
exCA,1,0,1.3682603404278815,7.48289556678547,UMI:In4b,DRONC_human,human
exDG,1,0,1.3462450449979304,6.52620125484294,UMI:In4b,DRONC_human,human
exPFC,1,0,1.3064903002121317,6.4771818563834875,UMI:In4b,DRONC_human,human
GABA,1,0,2.326781673780747,24.74239655656547,UMI:In4b,DRONC_human,human
MG,1,1,0.5141576611801602,-4.310096230296866,UMI:In4b,DRONC_human,human
NSC,1,1,0.6462308173771633,-4.463258452422379,UMI:In4b,DRONC_human,human
ODC,1,0.9865,0.8229516924495262,-2.0270917679442495,UMI:In4b,DRONC_human,human
OPC,1,0.0041,1.2254966569636607,2.9726298393663018,UMI:In4b,DRONC_human,human
Astrocyte,1,1,0.6001264190744329,-5.715247855972215,UMI:In4b,AIBS2019,human
Endothelial cell,1,0.9965,0.7031008413684309,-2.5510467820262117,UMI:In4b,AIBS2019,human
GABAergic,1,0,2.229627587679467,21.298280154863836,UMI:In4b,AIBS2019,human
Glutamatergic,1,2e-4,1.2354225191477681,4.123233378455126,UMI:In4b,AIBS2019,human
Microglia,1,1,0.4686042007012747,-5.896369954132451,UMI:In4b,AIBS2019,human
OPC,1,0.0143,1.1357021009220456,2.2473133163192265,UMI:In4b,AIBS2019,human
Oligodendrocyte,1,0.9998,0.7608427098470049,-3.309363624441577,UMI:In4b,AIBS2019,human
ASC,1,0.9558,0.871655786816249,-1.6237169236968343,UMI:In6a,DRONC_human,human
END,1,1,0.5349883615581088,-4.640117025331054,UMI:In6a,DRONC_human,human
exCA,1,0,1.3493266971670759,6.21534550685598,UMI:In6a,DRONC_human,human
exDG,1,1e-4,1.2350235694902427,3.846115222778295,UMI:In6a,DRONC_human,human
exPFC,1,0,1.3669338731159928,6.680199502125974,UMI:In6a,DRONC_human,human
GABA,1,0,2.346565032998448,22.296645564427546,UMI:In6a,DRONC_human,human
MG,1,1,0.584607874355669,-3.256238307808178,UMI:In6a,DRONC_human,human
NSC,1,1,0.622034620170478,-4.136483457974635,UMI:In6a,DRONC_human,human
ODC,1,0.9997,0.7019561654333083,-2.992281892678574,UMI:In6a,DRONC_human,human
OPC,1,0,1.3969499961709246,4.503043407077968,UMI:In6a,DRONC_human,human
Astrocyte,1,0.9999,0.701108337119286,-3.6794227822177112,UMI:In6a,AIBS2019,human
Endothelial cell,1,0.9977,0.6465785530883139,-2.6528453788848623,UMI:In6a,AIBS2019,human
GABAergic,1,0,2.0504772416315347,15.935246716342146,UMI:In6a,AIBS2019,human
Glutamatergic,1,2e-4,1.2725497195403026,4.161318931668737,UMI:In6a,AIBS2019,human
Microglia,1,1,0.424769378869838,-5.449320663790192,UMI:In6a,AIBS2019,human
OPC,1,3e-4,1.254909706533344,3.6309271892033625,UMI:In6a,AIBS2019,human
Oligodendrocyte,1,1,0.6454329617014264,-4.246029093481561,UMI:In6a,AIBS2019,human
ASC,1,0.9998,0.7510666085198373,-3.211319731683411,UMI:In6b,DRONC_human,human
END,1,1,0.5750108002513592,-4.353104313572536,UMI:In6b,DRONC_human,human
exCA,1,0,1.3755220752805168,6.909756746994838,UMI:In6b,DRONC_human,human
exDG,1,3e-4,1.2140636490358796,3.5866823030953965,UMI:In6b,DRONC_human,human
exPFC,1,0,1.395485016331007,7.431143535558737,UMI:In6b,DRONC_human,human
GABA,1,0,2.4261382236931963,24.02855357406932,UMI:In6b,DRONC_human,human
MG,1,1,0.5725245240573377,-3.371815441774526,UMI:In6b,DRONC_human,human
NSC,1,0.9998,0.6944105251524044,-3.4850435012905936,UMI:In6b,DRONC_human,human
ODC,1,1,0.5912599592812265,-4.198283396093556,UMI:In6b,DRONC_human,human
OPC,1,0.0021,1.276793221753249,3.22816277510326,UMI:In6b,DRONC_human,human
Astrocyte,1,1,0.6283700686925993,-4.731234727829378,UMI:In6b,AIBS2019,human
Endothelial cell,1,0.9916,0.7031424517216913,-2.262806848674794,UMI:In6b,AIBS2019,human
GABAergic,1,0,2.1059774213036406,17.086219263884182,UMI:In6b,AIBS2019,human
Glutamatergic,1,0,1.3044638342109072,4.685880569318446,UMI:In6b,AIBS2019,human
Microglia,1,1,0.5060705067665138,-4.762643863833998,UMI:In6b,AIBS2019,human
OPC,1,0,1.2327641562281588,3.4376019638402115,UMI:In6b,AIBS2019,human
Oligodendrocyte,1,1,0.610686799582416,-4.84299163352984,UMI:In6b,AIBS2019,human
ASC,1,1,0.7126088332581939,-3.8119926342996635,UMI:In7,DRONC_human,human
END,1,1,0.574552105308087,-4.434557884162992,UMI:In7,DRONC_human,human
exCA,1,0,1.4041251131198522,7.497564555539266,UMI:In7,DRONC_human,human
exDG,1,0,1.3978051689875992,6.732103283783579,UMI:In7,DRONC_human,human
exPFC,1,0,1.4468565459651492,8.418464407817991,UMI:In7,DRONC_human,human
GABA,1,0,2.270595678882278,21.21564865725319,UMI:In7,DRONC_human,human
MG,1,1,0.5689107908201495,-3.4345156641376113,UMI:In7,DRONC_human,human
NSC,1,1,0.573454545525172,-4.814321778487408,UMI:In7,DRONC_human,human
ODC,1,1,0.5986345955869384,-4.179336180277878,UMI:In7,DRONC_human,human
OPC,1,0.0257,1.179934075189203,2.134249067481774,UMI:In7,DRONC_human,human
Astrocyte,1,1,0.6083340782917495,-4.978904186276735,UMI:In7,AIBS2019,human
Endothelial cell,1,0.9963,0.6782070828165372,-2.5154129370751916,UMI:In7,AIBS2019,human
GABAergic,1,0,2.0956737453529963,17.50748306866142,UMI:In7,AIBS2019,human
Glutamatergic,1,0,1.395573850992931,6.299922419754839,UMI:In7,AIBS2019,human
Microglia,1,1,0.5220433946683141,-4.6115863679920635,UMI:In7,AIBS2019,human
OPC,1,0.0109,1.1616496003689154,2.3925924392708136,UMI:In7,AIBS2019,human
Oligodendrocyte,1,1,0.5729245304989915,-5.366509229020291,UMI:In7,AIBS2019,human
ASC,1,1,0.7491576970932948,-3.071668275710942,UMI:In8,DRONC_human,human
END,1,1,0.5713373993467443,-4.140033856447282,UMI:In8,DRONC_human,human
exCA,1,0,1.4234677985317092,7.2988681279788175,UMI:In8,DRONC_human,human
exDG,1,1e-4,1.2884116386898232,4.54931186208905,UMI:In8,DRONC_human,human
exPFC,1,0,1.3396823398604256,6.024238001315845,UMI:In8,DRONC_human,human
GABA,1,0,2.320914574059428,20.819264429633478,UMI:In8,DRONC_human,human
MG,1,1,0.5862180948195104,-3.0555229249809353,UMI:In8,DRONC_human,human
NSC,1,1,0.6383434106081115,-3.802532402895105,UMI:In8,DRONC_human,human
ODC,1,1,0.578901095563208,-4.13212975561178,UMI:In8,DRONC_human,human
OPC,1,0.2433,1.0607697712406472,0.6606779747435899,UMI:In8,DRONC_human,human
Astrocyte,1,1,0.631844098424734,-4.34623643355638,UMI:In8,AIBS2019,human
Endothelial cell,1,0.9335,0.7952990770657203,-1.485363268447227,UMI:In8,AIBS2019,human
GABAergic,1,0,2.187389144707824,17.37869690240639,UMI:In8,AIBS2019,human
Glutamatergic,1,0,1.3153240998789708,4.680241029919672,UMI:In8,AIBS2019,human
Microglia,1,1,0.5384099494821694,-4.181763776291544,UMI:In8,AIBS2019,human
OPC,1,0.1629,1.0707465844042747,0.9821818352555803,UMI:In8,AIBS2019,human
Oligodendrocyte,1,1,0.5439483314352417,-5.299117256073392,UMI:In8,AIBS2019,human
ASC,1,0.95,0.8171669760308041,-1.4892089697686712,UMI:Microglia,DRONC_human,human
END,1,0.8882,0.820750358930188,-1.1804702811034748,UMI:Microglia,DRONC_human,human
exCA,1,0.9996,0.7354197410909546,-3.01256849231925,UMI:Microglia,DRONC_human,human
exDG,1,0.9969,0.7573931433975211,-2.527765258190118,UMI:Microglia,DRONC_human,human
exPFC,1,0.9988,0.7480087918229095,-2.942855320564929,UMI:Microglia,DRONC_human,human
GABA,1,1,0.6748264398995695,-3.4034616937037216,UMI:Microglia,DRONC_human,human
MG,1,0,7.715912600488217,31.298524761450434,UMI:Microglia,DRONC_human,human
NSC,1,1,0.494456386138454,-3.550257000678356,UMI:Microglia,DRONC_human,human
ODC,1,0.2297,1.1100639112338533,0.6917703811270253,UMI:Microglia,DRONC_human,human
OPC,1,0.396,1.0255740654287069,0.17890126796539566,UMI:Microglia,DRONC_human,human
Astrocyte,1,1,0.40371245848572646,-4.710956866985199,UMI:Microglia,AIBS2019,human
Endothelial cell,1,0.981,0.6052550974115025,-1.9104020807124913,UMI:Microglia,AIBS2019,human
GABAergic,1,1,0.31280378886976135,-6.726400226701178,UMI:Microglia,AIBS2019,human
Glutamatergic,1,1,0.360769230926585,-6.286299234716355,UMI:Microglia,AIBS2019,human
Microglia,1,0,5.177967673529335,25.477265878677475,UMI:Microglia,AIBS2019,human
OPC,1,1,0.5468330865490595,-4.180867902775535,UMI:Microglia,AIBS2019,human
Oligodendrocyte,1,0.998,0.6804773814790226,-2.495744403493447,UMI:Microglia,AIBS2019,human
ASC,1,0.0395,1.15853741655426,1.849677785023444,UMI:Oligo,DRONC_human,human
END,1,0.9996,0.6810772964183601,-3.008243345276794,UMI:Oligo,DRONC_human,human
exCA,1,0.8348,0.9403389621816742,-0.9720229180685199,UMI:Oligo,DRONC_human,human
exDG,1,0.3535,1.0240494017770871,0.36393425191860224,UMI:Oligo,DRONC_human,human
exPFC,1,0.987,0.8733348274420526,-2.1530785311736396,UMI:Oligo,DRONC_human,human
GABA,1,0.9493,0.8935126410853699,-1.5899351217422346,UMI:Oligo,DRONC_human,human
MG,1,0.493,0.9912539042641859,-0.06258995770466484,UMI:Oligo,DRONC_human,human
NSC,1,0.998,0.7361501343405112,-2.649446704916455,UMI:Oligo,DRONC_human,human
ODC,1,0,5.57061764741935,41.03786827474571,UMI:Oligo,DRONC_human,human
OPC,1,0,1.4937838872472928,5.099833048910131,UMI:Oligo,DRONC_human,human
Astrocyte,1,0.9998,0.6898928078698079,-3.5475791340721425,UMI:Oligo,AIBS2019,human
Endothelial cell,1,0.3912,1.0355297242194665,0.24320616181217763,UMI:Oligo,AIBS2019,human
GABAergic,1,1,0.5255975642815335,-6.455678271971869,UMI:Oligo,AIBS2019,human
Glutamatergic,1,1,0.5260632352178214,-6.576578495022186,UMI:Oligo,AIBS2019,human
Microglia,1,1,0.5190312610388679,-4.247266448032054,UMI:Oligo,AIBS2019,human
OPC,1,0.9376,0.887464154912829,-1.5091597839967092,UMI:Oligo,AIBS2019,human
Oligodendrocyte,1,0,3.916457531117484,32.68616700410993,UMI:Oligo,AIBS2019,human
ASC,1,0.0049,1.2752194197933435,2.835397440970412,UMI:OPC,DRONC_human,human
END,1,1,0.4850283803612279,-4.180007045011446,UMI:OPC,DRONC_human,human
exCA,1,0.8357,0.9331136212346272,-0.9776766657290509,UMI:OPC,DRONC_human,human
exDG,1,0.456,1.0068300684461324,0.08808752438922307,UMI:OPC,DRONC_human,human
exPFC,1,0.9801,0.8675786930929181,-1.98200185303225,UMI:OPC,DRONC_human,human
GABA,1,0.0032,1.2252088534947247,2.9974043941771558,UMI:OPC,DRONC_human,human
MG,1,0.9929,0.6812341204691891,-2.0135414790095103,UMI:OPC,DRONC_human,human
NSC,1,0.9938,0.7367034734389373,-2.292556766050126,UMI:OPC,DRONC_human,human
ODC,1,0.0041,1.3758543040972775,3.0567814357366054,UMI:OPC,DRONC_human,human
OPC,1,0,4.858375988950128,34.80071956883456,UMI:OPC,DRONC_human,human
Astrocyte,1,0.9415,0.8464556771385274,-1.5128912120404379,UMI:OPC,AIBS2019,human
Endothelial cell,1,1,0.44214785735168904,-3.397047255025673,UMI:OPC,AIBS2019,human
GABAergic,1,0.9991,0.7683641266557244,-2.838064658767667,UMI:OPC,AIBS2019,human
Glutamatergic,1,1,0.5420086430409444,-5.6689368972420136,UMI:OPC,AIBS2019,human
Microglia,1,1,0.420812449439994,-4.376909111146039,UMI:OPC,AIBS2019,human
OPC,1,0,3.3166268626901103,26.934842468940765,UMI:OPC,AIBS2019,human
Oligodendrocyte,1,0.9061,0.8687034122519741,-1.2897139170639307,UMI:OPC,AIBS2019,human
ASC,1,9e-4,1.587366969654171,3.9492468224359962,UMI:Per,DRONC_human,human
END,1,0,3.651531537095493,14.396223126740622,UMI:Per,DRONC_human,human
exCA,1,1,0.57084282082998306,-4.031342114275607,UMI:Per,DRONC_human,human
exDG,1,0.9992,0.6804757772029049,-2.7618908142502216,UMI:Per,DRONC_human,human
exPFC,1,0.9989,0.7122663828809529,-2.8352506412290626,UMI:Per,DRONC_human,human
GABA,1,0.8714,0.8726478679842323,-1.1032084372477555,UMI:Per,DRONC_human,human
MG,1,0.9389,0.673417555572804,-1.3343090646761635,UMI:Per,DRONC_human,human
NSC,1,0.8081,0.8521843583162351,-0.8726080289930964,UMI:Per,DRONC_human,human
ODC,1,0.4439,1.0069646970461428,0.03840188232844719,UMI:Per,DRONC_human,human
OPC,1,0.19,1.1344877085769258,0.8373348427166645,UMI:Per,DRONC_human,human
Astrocyte,1,0.0547,1.2532436677074388,1.6886971708318528,UMI:Per,AIBS2019,human
Endothelial cell,1,0,4.500888316672206,14.366012304474252,UMI:Per,AIBS2019,human
GABAergic,1,0.9999,0.5666222648454997,-3.5572598858229485,UMI:Per,AIBS2019,human
Glutamatergic,1,1,0.4513816604023423,-4.5288060747873935,UMI:Per,AIBS2019,human
Microglia,1,0.9988,0.4954466962619978,-2.597201543341131,UMI:Per,AIBS2019,human
OPC,1,0.9036,0.8379048004417655,-1.2758541382483217,UMI:Per,AIBS2019,human
Oligodendrocyte,1,0.9772,0.722336245467555,-1.8370560004104712,UMI:Per,AIBS2019,human
